Model,MSE,RMSE,R²
LightGBM,0.00142076174933181,0.037692993371869654,0.9830414273068648
XGBoost,0.0013436329490636092,0.036655599150247284,0.9839620562347606
LSTM,0.08374386812377782,0.2893853281073141,-0.0014893459374532014
